{
  "version": "5",
  "dialect": "mysql",
  "id": "0d51a1d8-7068-490b-a354-0afbe6554a80",
  "prevId": "00000000-0000-0000-0000-000000000000",
  "tables": {
    "bonuses": {
      "name": "bonuses",
      "columns": {
        "id": {
          "name": "id",
          "type": "varchar(191)",
          "primaryKey": false,
          "notNull": true,
          "autoincrement": false
        },
        "employee_id": {
          "name": "employee_id",
          "type": "varchar(191)",
          "primaryKey": false,
          "notNull": true,
          "autoincrement": false
        },
        "type": {
          "name": "type",
          "type": "enum('bonus','advance','overtime','commission')",
          "primaryKey": false,
          "notNull": true,
          "autoincrement": false
        },
        "amount": {
          "name": "amount",
          "type": "decimal(15,2)",
          "primaryKey": false,
          "notNull": true,
          "autoincrement": false
        },
        "currency_id": {
          "name": "currency_id",
          "type": "varchar(191)",
          "primaryKey": false,
          "notNull": true,
          "autoincrement": false
        },
        "description": {
          "name": "description",
          "type": "text",
          "primaryKey": false,
          "notNull": true,
          "autoincrement": false
        },
        "payment_date": {
          "name": "payment_date",
          "type": "timestamp",
          "primaryKey": false,
          "notNull": true,
          "autoincrement": false
        },
        "user_id": {
          "name": "user_id",
          "type": "varchar(191)",
          "primaryKey": false,
          "notNull": true,
          "autoincrement": false
        },
        "created_at": {
          "name": "created_at",
          "type": "timestamp",
          "primaryKey": false,
          "notNull": true,
          "autoincrement": false,
          "default": "(now())"
        }
      },
      "indexes": {
        "employee_id_idx": {
          "name": "employee_id_idx",
          "columns": [
            "employee_id"
          ],
          "isUnique": false
        },
        "user_id_idx": {
          "name": "user_id_idx",
          "columns": [
            "user_id"
          ],
          "isUnique": false
        },
        "currency_id_idx": {
          "name": "currency_id_idx",
          "columns": [
            "currency_id"
          ],
          "isUnique": false
        },
        "payment_date_idx": {
          "name": "payment_date_idx",
          "columns": [
            "payment_date"
          ],
          "isUnique": false
        }
      },
      "foreignKeys": {},
      "compositePrimaryKeys": {
        "bonuses_id": {
          "name": "bonuses_id",
          "columns": [
            "id"
          ]
        }
      },
      "uniqueConstraints": {},
      "checkConstraint": {}
    },
    "categories": {
      "name": "categories",
      "columns": {
        "id": {
          "name": "id",
          "type": "varchar(191)",
          "primaryKey": false,
          "notNull": true,
          "autoincrement": false
        },
        "name": {
          "name": "name",
          "type": "varchar(255)",
          "primaryKey": false,
          "notNull": true,
          "autoincrement": false
        },
        "type": {
          "name": "type",
          "type": "enum('income','expense')",
          "primaryKey": false,
          "notNull": true,
          "autoincrement": false
        },
        "color": {
          "name": "color",
          "type": "varchar(7)",
          "primaryKey": false,
          "notNull": true,
          "autoincrement": false
        },
        "is_default": {
          "name": "is_default",
          "type": "boolean",
          "primaryKey": false,
          "notNull": true,
          "autoincrement": false,
          "default": false
        },
        "user_id": {
          "name": "user_id",
          "type": "varchar(191)",
          "primaryKey": false,
          "notNull": true,
          "autoincrement": false
        },
        "created_at": {
          "name": "created_at",
          "type": "timestamp",
          "primaryKey": false,
          "notNull": true,
          "autoincrement": false,
          "default": "(now())"
        }
      },
      "indexes": {
        "user_id_idx": {
          "name": "user_id_idx",
          "columns": [
            "user_id"
          ],
          "isUnique": false
        }
      },
      "foreignKeys": {},
      "compositePrimaryKeys": {
        "categories_id": {
          "name": "categories_id",
          "columns": [
            "id"
          ]
        }
      },
      "uniqueConstraints": {},
      "checkConstraint": {}
    },
    "clients": {
      "name": "clients",
      "columns": {
        "id": {
          "name": "id",
          "type": "varchar(191)",
          "primaryKey": false,
          "notNull": true,
          "autoincrement": false
        },
        "name": {
          "name": "name",
          "type": "varchar(255)",
          "primaryKey": false,
          "notNull": true,
          "autoincrement": false
        },
        "email": {
          "name": "email",
          "type": "varchar(255)",
          "primaryKey": false,
          "notNull": false,
          "autoincrement": false
        },
        "phone": {
          "name": "phone",
          "type": "varchar(50)",
          "primaryKey": false,
          "notNull": false,
          "autoincrement": false
        },
        "address": {
          "name": "address",
          "type": "text",
          "primaryKey": false,
          "notNull": false,
          "autoincrement": false
        },
        "tax_number": {
          "name": "tax_number",
          "type": "varchar(50)",
          "primaryKey": false,
          "notNull": false,
          "autoincrement": false
        },
        "contact_person": {
          "name": "contact_person",
          "type": "varchar(255)",
          "primaryKey": false,
          "notNull": false,
          "autoincrement": false
        },
        "contract_start_date": {
          "name": "contract_start_date",
          "type": "timestamp",
          "primaryKey": false,
          "notNull": false,
          "autoincrement": false
        },
        "contract_end_date": {
          "name": "contract_end_date",
          "type": "timestamp",
          "primaryKey": false,
          "notNull": false,
          "autoincrement": false
        },
        "currency_id": {
          "name": "currency_id",
          "type": "varchar(191)",
          "primaryKey": false,
          "notNull": true,
          "autoincrement": false
        },
        "balance": {
          "name": "balance",
          "type": "decimal(15,2)",
          "primaryKey": false,
          "notNull": true,
          "autoincrement": false,
          "default": "'0.00'"
        },
        "is_active": {
          "name": "is_active",
          "type": "boolean",
          "primaryKey": false,
          "notNull": true,
          "autoincrement": false,
          "default": true
        },
        "user_id": {
          "name": "user_id",
          "type": "varchar(191)",
          "primaryKey": false,
          "notNull": true,
          "autoincrement": false
        },
        "created_at": {
          "name": "created_at",
          "type": "timestamp",
          "primaryKey": false,
          "notNull": true,
          "autoincrement": false,
          "default": "(now())"
        },
        "updated_at": {
          "name": "updated_at",
          "type": "timestamp",
          "primaryKey": false,
          "notNull": true,
          "autoincrement": false,
          "onUpdate": true,
          "default": "(now())"
        }
      },
      "indexes": {
        "user_id_idx": {
          "name": "user_id_idx",
          "columns": [
            "user_id"
          ],
          "isUnique": false
        },
        "currency_id_idx": {
          "name": "currency_id_idx",
          "columns": [
            "currency_id"
          ],
          "isUnique": false
        },
        "tax_number_idx": {
          "name": "tax_number_idx",
          "columns": [
            "tax_number"
          ],
          "isUnique": false
        }
      },
      "foreignKeys": {},
      "compositePrimaryKeys": {
        "clients_id": {
          "name": "clients_id",
          "columns": [
            "id"
          ]
        }
      },
      "uniqueConstraints": {},
      "checkConstraint": {}
    },
    "company_settings": {
      "name": "company_settings",
      "columns": {
        "id": {
          "name": "id",
          "type": "varchar(191)",
          "primaryKey": false,
          "notNull": true,
          "autoincrement": false
        },
        "company_name": {
          "name": "company_name",
          "type": "varchar(255)",
          "primaryKey": false,
          "notNull": true,
          "autoincrement": false
        },
        "address": {
          "name": "address",
          "type": "text",
          "primaryKey": false,
          "notNull": true,
          "autoincrement": false
        },
        "phone": {
          "name": "phone",
          "type": "varchar(50)",
          "primaryKey": false,
          "notNull": true,
          "autoincrement": false
        },
        "email": {
          "name": "email",
          "type": "varchar(255)",
          "primaryKey": false,
          "notNull": true,
          "autoincrement": false
        },
        "website": {
          "name": "website",
          "type": "varchar(255)",
          "primaryKey": false,
          "notNull": false,
          "autoincrement": false
        },
        "tax_number": {
          "name": "tax_number",
          "type": "varchar(50)",
          "primaryKey": false,
          "notNull": false,
          "autoincrement": false
        },
        "light_mode_logo": {
          "name": "light_mode_logo",
          "type": "longtext",
          "primaryKey": false,
          "notNull": false,
          "autoincrement": false
        },
        "dark_mode_logo": {
          "name": "dark_mode_logo",
          "type": "longtext",
          "primaryKey": false,
          "notNull": false,
          "autoincrement": false
        },
        "quote_logo": {
          "name": "quote_logo",
          "type": "longtext",
          "primaryKey": false,
          "notNull": false,
          "autoincrement": false
        },
        "created_at": {
          "name": "created_at",
          "type": "timestamp",
          "primaryKey": false,
          "notNull": true,
          "autoincrement": false,
          "default": "(now())"
        },
        "updated_at": {
          "name": "updated_at",
          "type": "timestamp",
          "primaryKey": false,
          "notNull": true,
          "autoincrement": false,
          "onUpdate": true,
          "default": "(now())"
        }
      },
      "indexes": {},
      "foreignKeys": {},
      "compositePrimaryKeys": {
        "company_settings_id": {
          "name": "company_settings_id",
          "columns": [
            "id"
          ]
        }
      },
      "uniqueConstraints": {},
      "checkConstraint": {}
    },
    "currencies": {
      "name": "currencies",
      "columns": {
        "id": {
          "name": "id",
          "type": "varchar(191)",
          "primaryKey": false,
          "notNull": true,
          "autoincrement": false
        },
        "code": {
          "name": "code",
          "type": "varchar(10)",
          "primaryKey": false,
          "notNull": true,
          "autoincrement": false
        },
        "name": {
          "name": "name",
          "type": "varchar(100)",
          "primaryKey": false,
          "notNull": true,
          "autoincrement": false
        },
        "symbol": {
          "name": "symbol",
          "type": "varchar(10)",
          "primaryKey": false,
          "notNull": true,
          "autoincrement": false
        },
        "is_active": {
          "name": "is_active",
          "type": "boolean",
          "primaryKey": false,
          "notNull": true,
          "autoincrement": false,
          "default": true
        }
      },
      "indexes": {
        "code_idx": {
          "name": "code_idx",
          "columns": [
            "code"
          ],
          "isUnique": true
        }
      },
      "foreignKeys": {},
      "compositePrimaryKeys": {
        "currencies_id": {
          "name": "currencies_id",
          "columns": [
            "id"
          ]
        }
      },
      "uniqueConstraints": {
        "currencies_code_unique": {
          "name": "currencies_code_unique",
          "columns": [
            "code"
          ]
        }
      },
      "checkConstraint": {}
    },
    "debts": {
      "name": "debts",
      "columns": {
        "id": {
          "name": "id",
          "type": "varchar(191)",
          "primaryKey": false,
          "notNull": true,
          "autoincrement": false
        },
        "client_id": {
          "name": "client_id",
          "type": "varchar(191)",
          "primaryKey": false,
          "notNull": false,
          "autoincrement": false
        },
        "title": {
          "name": "title",
          "type": "varchar(255)",
          "primaryKey": false,
          "notNull": true,
          "autoincrement": false
        },
        "amount": {
          "name": "amount",
          "type": "decimal(15,2)",
          "primaryKey": false,
          "notNull": true,
          "autoincrement": false
        },
        "currency_id": {
          "name": "currency_id",
          "type": "varchar(191)",
          "primaryKey": false,
          "notNull": true,
          "autoincrement": false
        },
        "due_date": {
          "name": "due_date",
          "type": "timestamp",
          "primaryKey": false,
          "notNull": true,
          "autoincrement": false
        },
        "status": {
          "name": "status",
          "type": "enum('pending','paid','overdue')",
          "primaryKey": false,
          "notNull": true,
          "autoincrement": false,
          "default": "'pending'"
        },
        "type": {
          "name": "type",
          "type": "enum('payable','receivable')",
          "primaryKey": false,
          "notNull": true,
          "autoincrement": false
        },
        "description": {
          "name": "description",
          "type": "text",
          "primaryKey": false,
          "notNull": false,
          "autoincrement": false
        },
        "user_id": {
          "name": "user_id",
          "type": "varchar(191)",
          "primaryKey": false,
          "notNull": true,
          "autoincrement": false
        },
        "created_at": {
          "name": "created_at",
          "type": "timestamp",
          "primaryKey": false,
          "notNull": true,
          "autoincrement": false,
          "default": "(now())"
        },
        "updated_at": {
          "name": "updated_at",
          "type": "timestamp",
          "primaryKey": false,
          "notNull": true,
          "autoincrement": false,
          "onUpdate": true,
          "default": "(now())"
        }
      },
      "indexes": {
        "client_id_idx": {
          "name": "client_id_idx",
          "columns": [
            "client_id"
          ],
          "isUnique": false
        },
        "user_id_idx": {
          "name": "user_id_idx",
          "columns": [
            "user_id"
          ],
          "isUnique": false
        },
        "currency_id_idx": {
          "name": "currency_id_idx",
          "columns": [
            "currency_id"
          ],
          "isUnique": false
        },
        "due_date_idx": {
          "name": "due_date_idx",
          "columns": [
            "due_date"
          ],
          "isUnique": false
        },
        "status_idx": {
          "name": "status_idx",
          "columns": [
            "status"
          ],
          "isUnique": false
        },
        "type_idx": {
          "name": "type_idx",
          "columns": [
            "type"
          ],
          "isUnique": false
        }
      },
      "foreignKeys": {},
      "compositePrimaryKeys": {
        "debts_id": {
          "name": "debts_id",
          "columns": [
            "id"
          ]
        }
      },
      "uniqueConstraints": {},
      "checkConstraint": {}
    },
    "employees": {
      "name": "employees",
      "columns": {
        "id": {
          "name": "id",
          "type": "varchar(191)",
          "primaryKey": false,
          "notNull": true,
          "autoincrement": false
        },
        "name": {
          "name": "name",
          "type": "varchar(255)",
          "primaryKey": false,
          "notNull": true,
          "autoincrement": false
        },
        "position": {
          "name": "position",
          "type": "varchar(255)",
          "primaryKey": false,
          "notNull": true,
          "autoincrement": false
        },
        "net_salary": {
          "name": "net_salary",
          "type": "decimal(15,2)",
          "primaryKey": false,
          "notNull": true,
          "autoincrement": false
        },
        "currency_id": {
          "name": "currency_id",
          "type": "varchar(191)",
          "primaryKey": false,
          "notNull": true,
          "autoincrement": false
        },
        "payroll_period": {
          "name": "payroll_period",
          "type": "enum('monthly','weekly','biweekly')",
          "primaryKey": false,
          "notNull": true,
          "autoincrement": false
        },
        "payment_day": {
          "name": "payment_day",
          "type": "int",
          "primaryKey": false,
          "notNull": true,
          "autoincrement": false
        },
        "is_active": {
          "name": "is_active",
          "type": "boolean",
          "primaryKey": false,
          "notNull": true,
          "autoincrement": false,
          "default": true
        },
        "user_id": {
          "name": "user_id",
          "type": "varchar(191)",
          "primaryKey": false,
          "notNull": true,
          "autoincrement": false
        },
        "created_at": {
          "name": "created_at",
          "type": "timestamp",
          "primaryKey": false,
          "notNull": true,
          "autoincrement": false,
          "default": "(now())"
        },
        "updated_at": {
          "name": "updated_at",
          "type": "timestamp",
          "primaryKey": false,
          "notNull": true,
          "autoincrement": false,
          "onUpdate": true,
          "default": "(now())"
        }
      },
      "indexes": {
        "user_id_idx": {
          "name": "user_id_idx",
          "columns": [
            "user_id"
          ],
          "isUnique": false
        },
        "currency_id_idx": {
          "name": "currency_id_idx",
          "columns": [
            "currency_id"
          ],
          "isUnique": false
        }
      },
      "foreignKeys": {},
      "compositePrimaryKeys": {
        "employees_id": {
          "name": "employees_id",
          "columns": [
            "id"
          ]
        }
      },
      "uniqueConstraints": {},
      "checkConstraint": {}
    },
    "quote_items": {
      "name": "quote_items",
      "columns": {
        "id": {
          "name": "id",
          "type": "varchar(191)",
          "primaryKey": false,
          "notNull": true,
          "autoincrement": false
        },
        "quote_id": {
          "name": "quote_id",
          "type": "varchar(191)",
          "primaryKey": false,
          "notNull": true,
          "autoincrement": false
        },
        "description": {
          "name": "description",
          "type": "text",
          "primaryKey": false,
          "notNull": true,
          "autoincrement": false
        },
        "quantity": {
          "name": "quantity",
          "type": "decimal(10,2)",
          "primaryKey": false,
          "notNull": true,
          "autoincrement": false
        },
        "unit_price": {
          "name": "unit_price",
          "type": "decimal(15,2)",
          "primaryKey": false,
          "notNull": true,
          "autoincrement": false
        },
        "vat_rate": {
          "name": "vat_rate",
          "type": "decimal(5,2)",
          "primaryKey": false,
          "notNull": true,
          "autoincrement": false
        },
        "total": {
          "name": "total",
          "type": "decimal(15,2)",
          "primaryKey": false,
          "notNull": true,
          "autoincrement": false
        },
        "order": {
          "name": "order",
          "type": "int",
          "primaryKey": false,
          "notNull": true,
          "autoincrement": false
        }
      },
      "indexes": {
        "quote_id_idx": {
          "name": "quote_id_idx",
          "columns": [
            "quote_id"
          ],
          "isUnique": false
        },
        "order_idx": {
          "name": "order_idx",
          "columns": [
            "order"
          ],
          "isUnique": false
        }
      },
      "foreignKeys": {},
      "compositePrimaryKeys": {
        "quote_items_id": {
          "name": "quote_items_id",
          "columns": [
            "id"
          ]
        }
      },
      "uniqueConstraints": {},
      "checkConstraint": {}
    },
    "quotes": {
      "name": "quotes",
      "columns": {
        "id": {
          "name": "id",
          "type": "varchar(191)",
          "primaryKey": false,
          "notNull": true,
          "autoincrement": false
        },
        "client_id": {
          "name": "client_id",
          "type": "varchar(191)",
          "primaryKey": false,
          "notNull": true,
          "autoincrement": false
        },
        "quote_number": {
          "name": "quote_number",
          "type": "varchar(100)",
          "primaryKey": false,
          "notNull": true,
          "autoincrement": false
        },
        "title": {
          "name": "title",
          "type": "varchar(255)",
          "primaryKey": false,
          "notNull": true,
          "autoincrement": false
        },
        "valid_until": {
          "name": "valid_until",
          "type": "timestamp",
          "primaryKey": false,
          "notNull": true,
          "autoincrement": false
        },
        "status": {
          "name": "status",
          "type": "enum('draft','sent','accepted','rejected','expired')",
          "primaryKey": false,
          "notNull": true,
          "autoincrement": false,
          "default": "'draft'"
        },
        "subtotal": {
          "name": "subtotal",
          "type": "decimal(15,2)",
          "primaryKey": false,
          "notNull": true,
          "autoincrement": false
        },
        "vat_amount": {
          "name": "vat_amount",
          "type": "decimal(15,2)",
          "primaryKey": false,
          "notNull": true,
          "autoincrement": false
        },
        "total": {
          "name": "total",
          "type": "decimal(15,2)",
          "primaryKey": false,
          "notNull": true,
          "autoincrement": false
        },
        "currency_id": {
          "name": "currency_id",
          "type": "varchar(191)",
          "primaryKey": false,
          "notNull": true,
          "autoincrement": false
        },
        "notes": {
          "name": "notes",
          "type": "text",
          "primaryKey": false,
          "notNull": false,
          "autoincrement": false
        },
        "terms_and_conditions": {
          "name": "terms_and_conditions",
          "type": "text",
          "primaryKey": false,
          "notNull": false,
          "autoincrement": false
        },
        "tevkifat_applied": {
          "name": "tevkifat_applied",
          "type": "boolean",
          "primaryKey": false,
          "notNull": true,
          "autoincrement": false,
          "default": false
        },
        "tevkifat_rate": {
          "name": "tevkifat_rate",
          "type": "varchar(10)",
          "primaryKey": false,
          "notNull": false,
          "autoincrement": false
        },
        "tevkifat_amount": {
          "name": "tevkifat_amount",
          "type": "decimal(15,2)",
          "primaryKey": false,
          "notNull": false,
          "autoincrement": false,
          "default": "'0.00'"
        },
        "net_amount_after_tevkifat": {
          "name": "net_amount_after_tevkifat",
          "type": "decimal(15,2)",
          "primaryKey": false,
          "notNull": false,
          "autoincrement": false,
          "default": "'0.00'"
        },
        "user_id": {
          "name": "user_id",
          "type": "varchar(191)",
          "primaryKey": false,
          "notNull": true,
          "autoincrement": false
        },
        "created_at": {
          "name": "created_at",
          "type": "timestamp",
          "primaryKey": false,
          "notNull": true,
          "autoincrement": false,
          "default": "(now())"
        },
        "updated_at": {
          "name": "updated_at",
          "type": "timestamp",
          "primaryKey": false,
          "notNull": true,
          "autoincrement": false,
          "onUpdate": true,
          "default": "(now())"
        }
      },
      "indexes": {
        "client_id_idx": {
          "name": "client_id_idx",
          "columns": [
            "client_id"
          ],
          "isUnique": false
        },
        "user_id_idx": {
          "name": "user_id_idx",
          "columns": [
            "user_id"
          ],
          "isUnique": false
        },
        "currency_id_idx": {
          "name": "currency_id_idx",
          "columns": [
            "currency_id"
          ],
          "isUnique": false
        },
        "quote_number_idx": {
          "name": "quote_number_idx",
          "columns": [
            "quote_number"
          ],
          "isUnique": true
        },
        "status_idx": {
          "name": "status_idx",
          "columns": [
            "status"
          ],
          "isUnique": false
        },
        "valid_until_idx": {
          "name": "valid_until_idx",
          "columns": [
            "valid_until"
          ],
          "isUnique": false
        }
      },
      "foreignKeys": {},
      "compositePrimaryKeys": {
        "quotes_id": {
          "name": "quotes_id",
          "columns": [
            "id"
          ]
        }
      },
      "uniqueConstraints": {
        "quotes_quote_number_unique": {
          "name": "quotes_quote_number_unique",
          "columns": [
            "quote_number"
          ]
        }
      },
      "checkConstraint": {}
    },
    "tevkifat_rates": {
      "name": "tevkifat_rates",
      "columns": {
        "id": {
          "name": "id",
          "type": "varchar(191)",
          "primaryKey": false,
          "notNull": true,
          "autoincrement": false
        },
        "code": {
          "name": "code",
          "type": "varchar(10)",
          "primaryKey": false,
          "notNull": true,
          "autoincrement": false
        },
        "numerator": {
          "name": "numerator",
          "type": "int",
          "primaryKey": false,
          "notNull": true,
          "autoincrement": false
        },
        "denominator": {
          "name": "denominator",
          "type": "int",
          "primaryKey": false,
          "notNull": true,
          "autoincrement": false
        },
        "description": {
          "name": "description",
          "type": "varchar(500)",
          "primaryKey": false,
          "notNull": true,
          "autoincrement": false
        },
        "is_active": {
          "name": "is_active",
          "type": "boolean",
          "primaryKey": false,
          "notNull": true,
          "autoincrement": false,
          "default": true
        }
      },
      "indexes": {
        "code_idx": {
          "name": "code_idx",
          "columns": [
            "code"
          ],
          "isUnique": true
        },
        "is_active_idx": {
          "name": "is_active_idx",
          "columns": [
            "is_active"
          ],
          "isUnique": false
        }
      },
      "foreignKeys": {},
      "compositePrimaryKeys": {
        "tevkifat_rates_id": {
          "name": "tevkifat_rates_id",
          "columns": [
            "id"
          ]
        }
      },
      "uniqueConstraints": {
        "tevkifat_rates_code_unique": {
          "name": "tevkifat_rates_code_unique",
          "columns": [
            "code"
          ]
        }
      },
      "checkConstraint": {}
    },
    "transactions": {
      "name": "transactions",
      "columns": {
        "id": {
          "name": "id",
          "type": "varchar(191)",
          "primaryKey": false,
          "notNull": true,
          "autoincrement": false
        },
        "type": {
          "name": "type",
          "type": "enum('income','expense')",
          "primaryKey": false,
          "notNull": true,
          "autoincrement": false
        },
        "amount": {
          "name": "amount",
          "type": "decimal(15,2)",
          "primaryKey": false,
          "notNull": true,
          "autoincrement": false
        },
        "currency_id": {
          "name": "currency_id",
          "type": "varchar(191)",
          "primaryKey": false,
          "notNull": true,
          "autoincrement": false
        },
        "category_id": {
          "name": "category_id",
          "type": "varchar(191)",
          "primaryKey": false,
          "notNull": true,
          "autoincrement": false
        },
        "client_id": {
          "name": "client_id",
          "type": "varchar(191)",
          "primaryKey": false,
          "notNull": false,
          "autoincrement": false
        },
        "employee_id": {
          "name": "employee_id",
          "type": "varchar(191)",
          "primaryKey": false,
          "notNull": false,
          "autoincrement": false
        },
        "description": {
          "name": "description",
          "type": "text",
          "primaryKey": false,
          "notNull": true,
          "autoincrement": false
        },
        "transaction_date": {
          "name": "transaction_date",
          "type": "timestamp",
          "primaryKey": false,
          "notNull": true,
          "autoincrement": false
        },
        "is_vat_included": {
          "name": "is_vat_included",
          "type": "boolean",
          "primaryKey": false,
          "notNull": true,
          "autoincrement": false,
          "default": false
        },
        "vat_rate": {
          "name": "vat_rate",
          "type": "decimal(5,2)",
          "primaryKey": false,
          "notNull": true,
          "autoincrement": false,
          "default": "'0.00'"
        },
        "is_recurring": {
          "name": "is_recurring",
          "type": "boolean",
          "primaryKey": false,
          "notNull": true,
          "autoincrement": false,
          "default": false
        },
        "recurring_period": {
          "name": "recurring_period",
          "type": "enum('daily','weekly','monthly','quarterly','yearly')",
          "primaryKey": false,
          "notNull": false,
          "autoincrement": false
        },
        "next_recurring_date": {
          "name": "next_recurring_date",
          "type": "timestamp",
          "primaryKey": false,
          "notNull": false,
          "autoincrement": false
        },
        "parent_transaction_id": {
          "name": "parent_transaction_id",
          "type": "varchar(191)",
          "primaryKey": false,
          "notNull": false,
          "autoincrement": false
        },
        "user_id": {
          "name": "user_id",
          "type": "varchar(191)",
          "primaryKey": false,
          "notNull": true,
          "autoincrement": false
        },
        "created_at": {
          "name": "created_at",
          "type": "timestamp",
          "primaryKey": false,
          "notNull": true,
          "autoincrement": false,
          "default": "(now())"
        },
        "updated_at": {
          "name": "updated_at",
          "type": "timestamp",
          "primaryKey": false,
          "notNull": true,
          "autoincrement": false,
          "onUpdate": true,
          "default": "(now())"
        }
      },
      "indexes": {
        "user_id_idx": {
          "name": "user_id_idx",
          "columns": [
            "user_id"
          ],
          "isUnique": false
        },
        "category_id_idx": {
          "name": "category_id_idx",
          "columns": [
            "category_id"
          ],
          "isUnique": false
        },
        "client_id_idx": {
          "name": "client_id_idx",
          "columns": [
            "client_id"
          ],
          "isUnique": false
        },
        "employee_id_idx": {
          "name": "employee_id_idx",
          "columns": [
            "employee_id"
          ],
          "isUnique": false
        },
        "currency_id_idx": {
          "name": "currency_id_idx",
          "columns": [
            "currency_id"
          ],
          "isUnique": false
        },
        "transaction_date_idx": {
          "name": "transaction_date_idx",
          "columns": [
            "transaction_date"
          ],
          "isUnique": false
        },
        "parent_transaction_id_idx": {
          "name": "parent_transaction_id_idx",
          "columns": [
            "parent_transaction_id"
          ],
          "isUnique": false
        }
      },
      "foreignKeys": {},
      "compositePrimaryKeys": {
        "transactions_id": {
          "name": "transactions_id",
          "columns": [
            "id"
          ]
        }
      },
      "uniqueConstraints": {},
      "checkConstraint": {}
    },
    "users": {
      "name": "users",
      "columns": {
        "id": {
          "name": "id",
          "type": "varchar(191)",
          "primaryKey": false,
          "notNull": true,
          "autoincrement": false
        },
        "email": {
          "name": "email",
          "type": "varchar(255)",
          "primaryKey": false,
          "notNull": true,
          "autoincrement": false
        },
        "password": {
          "name": "password",
          "type": "varchar(255)",
          "primaryKey": false,
          "notNull": true,
          "autoincrement": false
        },
        "name": {
          "name": "name",
          "type": "varchar(255)",
          "primaryKey": false,
          "notNull": true,
          "autoincrement": false
        },
        "company_name": {
          "name": "company_name",
          "type": "varchar(255)",
          "primaryKey": false,
          "notNull": true,
          "autoincrement": false
        },
        "created_at": {
          "name": "created_at",
          "type": "timestamp",
          "primaryKey": false,
          "notNull": true,
          "autoincrement": false,
          "default": "(now())"
        },
        "updated_at": {
          "name": "updated_at",
          "type": "timestamp",
          "primaryKey": false,
          "notNull": true,
          "autoincrement": false,
          "onUpdate": true,
          "default": "(now())"
        }
      },
      "indexes": {
        "email_idx": {
          "name": "email_idx",
          "columns": [
            "email"
          ],
          "isUnique": true
        }
      },
      "foreignKeys": {},
      "compositePrimaryKeys": {
        "users_id": {
          "name": "users_id",
          "columns": [
            "id"
          ]
        }
      },
      "uniqueConstraints": {
        "users_email_unique": {
          "name": "users_email_unique",
          "columns": [
            "email"
          ]
        }
      },
      "checkConstraint": {}
    }
  },
  "views": {},
  "_meta": {
    "schemas": {},
    "tables": {},
    "columns": {}
  },
  "internal": {
    "tables": {},
    "indexes": {}
  }
}